{
  "project": {
    "version": "1.0.0-alpha.universal.3",
    "name": "first"
  },
  "apps": [
    {
      "root": "src",
      "outDir": "dist",
      "assets": [
        "assets",
        "favicon.ico"
      ],
      "index": "index.html",
      "main": "main.ts",
      "test": "test.ts",
      "tsconfig": "tsconfig.json",
      "prefix": "app",
      "mobile": false,
      "universal": false,
      "styles": [
        "styles.scss"
      ],
      "scripts": [],
      "environments": {
        "source": "environments/environment.ts",
        "dev": "environments/environment.ts",
        "prod": "environments/environment.prod.ts"
      }
    }
  ],
  "addons": [],
  "packages": [],
  "e2e": {
    "protractor": {
      "config": "./protractor.conf.js"
    }
  },
  "test": {
    "karma": {
      "config": "./karma.conf.js"
    }
  },
  "defaults": {
    "styleExt": "scss",
    "prefixInterfaces": false,
    "inline": {
      "style": false,
      "template": false
    },
    "spec": {
      "class": false,
      "component": true,
      "directive": true,
      "module": false,
      "pipe": true,
      "service": true
    }
  }
}
